,cities,lat,long,humidity,max temp,windspeed,cloudiness,date
0,Puerto Ayora,-0.7393,-90.3518,91,77.0,1.99,4,1970-01-01 00:00:01.615603712
1,Provideniya,64.3833,-173.3,96,30.45,31.29,100,1970-01-01 00:00:01.615603713
2,Hof,50.3167,11.9167,96,36.0,11.99,100,1970-01-01 00:00:01.615603714
3,Faanui,-16.4833,-151.75,63,83.35,1.63,84,1970-01-01 00:00:01.615603715
4,Deputatsky,69.3,139.9,80,-11.34,1.48,19,1970-01-01 00:00:01.615603717
5,Bom Jesus,-9.0744,-44.3586,94,71.71,0.83,58,1970-01-01 00:00:01.615603718
6,Guerrero Negro,27.9769,-114.0611,64,55.94,12.5,0,1970-01-01 00:00:01.615603575
7,Kahului,20.8947,-156.47,88,73.4,10.36,75,1970-01-01 00:00:01.615603720
8,Jamestown,42.097,-79.2353,69,32.0,12.12,1,1970-01-01 00:00:01.615603722
9,Ketchikan,55.3422,-131.6461,80,33.8,5.75,90,1970-01-01 00:00:01.615603723
10,Malakal,9.5334,31.6605,22,79.88,3.11,0,1970-01-01 00:00:01.615603724
11,Kruisfontein,-34.0033,24.7314,55,68.77,6.31,57,1970-01-01 00:00:01.615603725
12,La Ronge,55.1001,-105.2842,51,32.0,2.3,76,1970-01-01 00:00:01.615603727
13,Ushuaia,-54.8,-68.3,87,46.4,42.57,75,1970-01-01 00:00:01.615603686
14,Vaini,-21.2,-175.2,78,80.6,13.8,75,1970-01-01 00:00:01.615603729
15,Ixtapa,20.7,-105.2,83,73.4,5.75,1,1970-01-01 00:00:01.615603685
16,Atuona,-9.8,-139.0333,58,79.86,1.48,0,1970-01-01 00:00:01.615603733
17,Kindu,-2.95,25.95,99,69.53,0.92,100,1970-01-01 00:00:01.615603735
18,Albany,42.6001,-73.9662,42,42.8,31.07,20,1970-01-01 00:00:01.615603607
19,Mount Gambier,-37.8333,140.7667,67,62.6,19.57,75,1970-01-01 00:00:01.615603737
20,Vila Franca do Campo,37.7167,-25.4333,94,57.2,13.8,75,1970-01-01 00:00:01.615603738
21,Goderich,43.7501,-81.7165,64,28.4,21.85,7,1970-01-01 00:00:01.615603740
22,Kiryat Gat,31.61,34.7642,100,52.0,1.99,21,1970-01-01 00:00:01.615603741
23,Bantou,26.2151,117.4893,64,74.52,1.77,84,1970-01-01 00:00:01.615603742
24,Belmonte,-15.8631,-38.8828,65,77.0,8.05,0,1970-01-01 00:00:01.615603744
25,Mabaruma,8.2,-59.7833,91,74.79,4.47,95,1970-01-01 00:00:01.615603745
26,New Norfolk,-42.7826,147.0587,65,69.01,1.99,100,1970-01-01 00:00:01.615603748
27,Port Elizabeth,-33.918,25.5701,94,62.6,3.44,0,1970-01-01 00:00:01.615603749
28,Puerto del Rosario,28.5004,-13.8627,72,62.6,16.11,75,1970-01-01 00:00:01.615603752
29,Clyde River,70.4692,-68.5914,84,-4.0,17.27,90,1970-01-01 00:00:01.615603753
30,Rikitea,-23.1203,-134.9692,73,80.1,7.2,92,1970-01-01 00:00:01.615603754
31,Saldanha,-33.0117,17.9442,88,57.2,2.3,35,1970-01-01 00:00:01.615603756
32,Ribeira Grande,38.5167,-28.7,81,60.4,18.5,100,1970-01-01 00:00:01.615603757
33,Khatanga,71.9667,102.5,78,-14.24,13.27,100,1970-01-01 00:00:01.615603758
34,Bathsheba,13.2167,-59.5167,65,78.8,19.57,40,1970-01-01 00:00:01.615603760
35,Camacha,33.0833,-16.3333,67,62.6,11.5,75,1970-01-01 00:00:01.615603761
36,Diamantino,-14.4086,-56.4461,91,72.61,1.59,100,1970-01-01 00:00:01.615603762
37,Hobart,-42.8794,147.3294,56,69.8,17.27,75,1970-01-01 00:00:01.615603634
38,Whitehorse,60.7161,-135.0538,61,10.4,11.5,75,1970-01-01 00:00:01.615603764
39,Bassar,9.25,0.7833,70,77.56,1.9,100,1970-01-01 00:00:01.615603766
40,Avarua,-21.2078,-159.775,89,80.6,2.3,75,1970-01-01 00:00:01.615603767
41,Saskylakh,71.9167,114.0833,91,-18.49,16.75,6,1970-01-01 00:00:01.615603768
42,Lüderitz,-26.6481,15.1594,73,65.35,6.04,0,1970-01-01 00:00:01.615603770
43,Nanma,36.1817,118.1583,52,62.01,1.01,0,1970-01-01 00:00:01.615603771
44,Nuuk,64.1835,-51.7216,67,17.6,11.5,14,1970-01-01 00:00:01.615603772
45,Castro,-24.7911,-50.0119,83,61.21,3.33,27,1970-01-01 00:00:01.615603774
46,Upernavik,72.7868,-56.1549,65,-2.07,2.15,24,1970-01-01 00:00:01.615603776
47,Port Alfred,-33.5906,26.891,69,75.27,15.88,66,1970-01-01 00:00:01.615603639
48,Puri,19.8,85.85,83,78.8,4.61,20,1970-01-01 00:00:01.615603778
49,Souillac,-20.5167,57.5167,78,78.8,12.66,75,1970-01-01 00:00:01.615603779
50,Kapaa,22.0752,-159.319,94,77.0,9.22,75,1970-01-01 00:00:01.615603781
51,Yellowknife,62.456,-114.3525,66,1.4,11.5,20,1970-01-01 00:00:01.615603782
52,Pingliang,35.5392,106.6861,11,48.99,1.99,0,1970-01-01 00:00:01.615603783
53,Tiksi,71.6872,128.8694,95,-13.29,8.05,100,1970-01-01 00:00:01.615603784
54,São Filipe,14.8961,-24.4956,76,69.35,1.97,0,1970-01-01 00:00:01.615603786
55,Bredasdorp,-34.5322,20.0403,72,65.21,3.11,40,1970-01-01 00:00:01.615603787
56,Rawson,-43.3002,-65.1023,35,69.75,9.37,0,1970-01-01 00:00:01.615603742
57,Beringovskiy,63.05,179.3167,90,32.67,27.31,98,1970-01-01 00:00:01.615603789
58,Qaanaaq,77.484,-69.3632,80,0.05,3.02,99,1970-01-01 00:00:01.615603791
59,Busselton,-33.65,115.3333,53,66.99,3.0,0,1970-01-01 00:00:01.615603793
60,Arroio Grande,-32.2375,-53.0869,73,68.0,13.0,100,1970-01-01 00:00:01.615603520
61,Severo-Kuril'sk,50.6789,156.125,82,26.64,24.79,96,1970-01-01 00:00:01.615603795
62,Lisala,2.15,21.5167,98,71.49,3.13,98,1970-01-01 00:00:01.615603796
63,Punta Arenas,-53.15,-70.9167,82,51.8,21.85,90,1970-01-01 00:00:01.615603797
64,Vanimo,-2.6741,141.3028,81,82.4,2.93,69,1970-01-01 00:00:01.615603799
65,Barrow,71.2906,-156.7887,63,-20.2,13.8,1,1970-01-01 00:00:01.615603800
66,Moreira Sales,-24.0622,-53.0069,72,67.42,3.65,0,1970-01-01 00:00:01.615603801
67,Arawa,-6.2132,155.5367,58,87.94,6.24,58,1970-01-01 00:00:01.615603804
68,Esim,4.8699,-2.2405,86,80.19,7.52,99,1970-01-01 00:00:01.615603805
69,Ancud,-41.8697,-73.8203,82,54.0,12.66,0,1970-01-01 00:00:01.615603806
70,Thompson,55.7435,-97.8558,73,14.0,7.34,40,1970-01-01 00:00:01.615603807
71,Chokurdakh,70.6333,147.9167,94,-16.47,1.61,0,1970-01-01 00:00:01.615603809
72,Antofagasta,-23.65,-70.4,83,68.0,8.05,0,1970-01-01 00:00:01.615603723
73,Bengkulu,-3.8004,102.2655,64,83.97,4.05,70,1970-01-01 00:00:01.615603812
74,Dubbo,-32.25,148.6167,48,87.8,14.97,40,1970-01-01 00:00:01.615603813
75,Landerneau,48.4525,-4.2525,81,46.4,26.46,90,1970-01-01 00:00:01.615603814
76,Poum,-20.2333,164.0167,72,80.62,13.62,32,1970-01-01 00:00:01.615603816
77,Simplício Mendes,-7.8539,-41.9103,90,71.04,2.24,48,1970-01-01 00:00:01.615603817
78,Bluff,-46.6,168.3333,66,64.99,7.0,0,1970-01-01 00:00:01.615603818
79,Bontang,0.1333,117.5,75,82.85,2.91,99,1970-01-01 00:00:01.615603718
80,Cedar City,37.6775,-113.0619,80,30.2,11.5,90,1970-01-01 00:00:01.615603821
81,Hermanus,-34.4187,19.2345,84,64.0,4.0,27,1970-01-01 00:00:01.615603822
82,Vostok,46.4856,135.8833,89,35.83,1.95,0,1970-01-01 00:00:01.615603823
83,Mar del Plata,-38.0023,-57.5575,76,64.99,2.3,0,1970-01-01 00:00:01.615603706
84,Saint-Philippe,-21.3585,55.7679,78,77.0,14.97,90,1970-01-01 00:00:01.615603826
85,Mataura,-46.1927,168.8643,66,64.99,7.0,0,1970-01-01 00:00:01.615603827
86,Tasiilaq,65.6145,-37.6368,92,8.6,3.44,40,1970-01-01 00:00:01.615603828
87,Mīnāb,27.1467,57.0801,64,75.2,9.22,75,1970-01-01 00:00:01.615603829
88,Hilo,19.7297,-155.09,65,78.8,9.22,75,1970-01-01 00:00:01.615603777
89,Wuda,39.4994,106.7117,28,55.87,21.25,0,1970-01-01 00:00:01.615603832
90,Cape Town,-33.9258,18.4232,94,61.0,5.75,0,1970-01-01 00:00:01.615603833
91,San Miguel de Cozumel,20.5083,-86.9458,73,75.2,5.75,20,1970-01-01 00:00:01.615603579
92,Pevek,69.7008,170.3133,94,8.01,6.4,100,1970-01-01 00:00:01.615603835
93,Tuktoyaktuk,69.4541,-133.0374,77,-5.8,17.27,90,1970-01-01 00:00:01.615603837
94,Nazca,-14.8333,-74.95,77,72.21,3.27,51,1970-01-01 00:00:01.615603838
95,Ostrovnoy,68.0531,39.5131,94,9.32,16.06,100,1970-01-01 00:00:01.615603840
96,Severo-Yeniseyskiy,60.3725,93.0408,90,3.87,7.61,64,1970-01-01 00:00:01.615603841
97,Lorengau,-2.0226,147.2712,60,86.68,5.39,11,1970-01-01 00:00:01.615603843
98,Bereda,43.2686,-7.5406,98,44.01,8.99,92,1970-01-01 00:00:01.615603844
99,Bambous Virieux,-20.3428,57.7575,78,78.8,12.66,75,1970-01-01 00:00:01.615603845
100,Beyneu,45.3167,55.2,55,18.48,12.41,100,1970-01-01 00:00:01.615603846
101,Chilca,-12.5211,-76.7372,78,75.99,12.66,0,1970-01-01 00:00:01.615603848
102,Airai,-8.9266,125.4092,74,72.63,0.65,90,1970-01-01 00:00:01.615603849
103,Sucúa,-2.4667,-78.1667,98,69.06,0.94,100,1970-01-01 00:00:01.615603850
104,Asău,46.4333,26.4,63,36.0,3.33,100,1970-01-01 00:00:01.615603851
105,Talara,-4.5772,-81.2719,75,77.32,6.33,100,1970-01-01 00:00:01.615603854
106,Ninghai,29.2892,121.4247,59,64.0,1.01,30,1970-01-01 00:00:01.615603855
107,Bose,45.4612,8.0137,44,45.0,3.0,0,1970-01-01 00:00:01.615603857
108,Nome,64.5011,-165.4064,85,1.99,21.85,90,1970-01-01 00:00:01.615603599
109,Longyan,25.1072,117.0225,64,73.0,1.99,100,1970-01-01 00:00:01.615603860
110,Kūhdasht,33.535,47.6061,95,39.04,1.61,9,1970-01-01 00:00:01.615603861
111,El Dorado,38.7666,-120.5177,30,53.6,5.75,1,1970-01-01 00:00:01.615603583
112,Ambalema,4.7841,-74.7627,94,53.6,5.75,75,1970-01-01 00:00:01.615603864
113,Bonthe,7.5264,-12.505,83,80.04,5.75,94,1970-01-01 00:00:01.615603865
114,Port Hawkesbury,45.6169,-61.3485,48,41.0,13.8,1,1970-01-01 00:00:01.615603866
115,Katangli,51.7102,143.2326,93,32.25,13.44,19,1970-01-01 00:00:01.615603867
116,Mbuji-Mayi,-6.15,23.6,94,70.12,0.89,100,1970-01-01 00:00:01.615603869
117,Butaritari,3.0707,172.7902,77,81.43,11.61,50,1970-01-01 00:00:01.615603870
118,Krasnosel'kup,65.7,82.4667,92,1.49,25.99,100,1970-01-01 00:00:01.615603871
119,Rognan,67.0953,15.3878,64,35.6,20.71,0,1970-01-01 00:00:01.615603872
120,Necochea,-38.5473,-58.7368,73,60.01,8.01,31,1970-01-01 00:00:01.615603874
121,George Town,5.4112,100.3354,78,84.2,4.61,20,1970-01-01 00:00:01.615603876
122,Crotone,39.0851,17.1178,52,48.99,13.0,12,1970-01-01 00:00:01.615603877
123,Tikrit,34.6071,43.6782,50,47.39,8.86,0,1970-01-01 00:00:01.615603879
124,Sungai Raya,0.7,108.9,62,87.12,4.25,17,1970-01-01 00:00:01.615603880
125,Sorong,-0.8833,131.25,72,84.49,7.65,2,1970-01-01 00:00:01.615603881
126,Kimbe,-5.5502,150.1429,72,85.69,5.79,48,1970-01-01 00:00:01.615603882
127,Cidreira,-30.1811,-50.2056,77,70.88,5.66,0,1970-01-01 00:00:01.615603884
128,Serowe,-22.3833,26.7167,90,62.65,6.38,47,1970-01-01 00:00:01.615603885
129,Ponta do Sol,32.6667,-17.1,68,57.99,1.01,100,1970-01-01 00:00:01.615603886
130,Mahébourg,-20.4081,57.7,78,78.8,12.66,75,1970-01-01 00:00:01.615603887
131,Port Lincoln,-34.7333,135.8667,53,63.61,20.47,65,1970-01-01 00:00:01.615603889
132,Tessalit,20.1986,1.0114,42,58.66,6.64,16,1970-01-01 00:00:01.615603890
133,Tevriz,57.509,72.4042,94,-1.21,8.23,81,1970-01-01 00:00:01.615603891
134,Nangong,37.3581,115.3744,54,59.54,3.42,0,1970-01-01 00:00:01.615603893
135,Cururupu,-1.8283,-44.8683,94,74.08,1.59,99,1970-01-01 00:00:01.615603895
136,Port Hedland,-20.3167,118.5667,70,87.8,8.05,94,1970-01-01 00:00:01.615603896
137,Umm Kaddadah,13.6017,26.6876,15,77.02,24.25,4,1970-01-01 00:00:01.615603897
138,Kaitangata,-46.2817,169.8464,63,66.0,8.99,0,1970-01-01 00:00:01.615603899
139,Celestún,20.8667,-90.4,72,75.74,17.98,0,1970-01-01 00:00:01.615603900
140,Wewak,-3.5534,143.6268,67,85.39,5.3,100,1970-01-01 00:00:01.615603901
141,Springdale,36.1867,-94.1288,100,53.6,13.8,90,1970-01-01 00:00:01.615603757
142,Nikolskoye,59.7035,30.7861,93,34.0,6.71,90,1970-01-01 00:00:01.615603903
143,Luancheng,37.8792,114.6517,76,46.4,4.47,0,1970-01-01 00:00:01.615603905
144,Rongcheng,30.634,117.8517,65,62.73,2.44,76,1970-01-01 00:00:01.615603907
145,Arraial do Cabo,-22.9661,-42.0278,89,76.86,3.91,66,1970-01-01 00:00:01.615603908
146,Half Moon Bay,37.4636,-122.4286,93,59.0,4.61,40,1970-01-01 00:00:01.615603666
147,Tezu,27.9167,96.1667,30,85.66,3.38,0,1970-01-01 00:00:01.615603910
148,Ilulissat,69.2167,-51.1,72,3.2,2.3,62,1970-01-01 00:00:01.615603912
149,Hithadhoo,-0.6,73.0833,63,83.3,6.58,8,1970-01-01 00:00:01.615603913
150,Northam,51.0333,-4.2167,80,46.0,18.99,90,1970-01-01 00:00:01.615603914
151,Esperance,-33.8667,121.9,45,62.6,11.5,75,1970-01-01 00:00:01.615603917
152,Buckingham,51.9997,-0.9878,76,41.0,4.0,68,1970-01-01 00:00:01.615603918
153,Bāndarban,22.1965,92.2262,83,75.2,2.86,40,1970-01-01 00:00:01.615603919
154,Quatre Cocos,-20.2078,57.7625,78,78.8,12.66,75,1970-01-01 00:00:01.615603920
155,Saint-François,46.4154,3.9054,70,46.0,8.05,75,1970-01-01 00:00:01.615603922
156,Suntar,62.1444,117.6319,88,17.65,12.53,100,1970-01-01 00:00:01.615603923
157,Carnarvon,-24.8667,113.6333,43,89.6,17.27,4,1970-01-01 00:00:01.615603924
158,Yumen,40.2833,97.2,19,53.31,33.51,89,1970-01-01 00:00:01.615603925
159,Grindavik,63.8424,-22.4338,69,30.2,18.41,0,1970-01-01 00:00:01.615603927
160,Vestmanna,62.1564,-7.1664,87,39.2,18.41,75,1970-01-01 00:00:01.615603928
161,Maniitsoq,65.4167,-52.9,90,14.32,10.16,100,1970-01-01 00:00:01.615603929
162,Meadow Lake,34.8014,-106.5436,6,57.2,13.8,20,1970-01-01 00:00:01.615603931
163,Caravelas,-17.7125,-39.2481,81,72.75,5.19,0,1970-01-01 00:00:01.615603932
164,Liberal,37.0431,-100.921,100,42.8,9.22,90,1970-01-01 00:00:01.615603933
165,Port Macquarie,-31.4333,152.9167,65,82.99,5.75,0,1970-01-01 00:00:01.615603934
166,Falam,22.9167,93.6833,19,79.45,1.28,0,1970-01-01 00:00:01.615603936
167,Narsaq,60.9167,-46.05,44,14.0,5.75,66,1970-01-01 00:00:01.615603937
168,Klaksvík,62.2266,-6.589,87,39.2,14.97,40,1970-01-01 00:00:01.615603938
169,Quelimane,-17.8786,36.8883,94,73.4,4.25,75,1970-01-01 00:00:01.615603939
170,Arlit,18.7369,7.3853,14,70.02,3.11,39,1970-01-01 00:00:01.615603941
171,Kitakami,39.2833,141.1167,81,39.2,2.3,75,1970-01-01 00:00:01.615603942
172,Kalmunai,7.4167,81.8167,76,82.26,9.08,35,1970-01-01 00:00:01.615603943
173,Geraldton,-28.7667,114.6,34,80.6,21.85,0,1970-01-01 00:00:01.615603945
174,Luena,-11.7833,19.9167,96,63.12,3.74,100,1970-01-01 00:00:01.615603946
175,Te Anau,-45.4167,167.7167,48,68.54,7.67,0,1970-01-01 00:00:01.615603947
176,Daru,-9.0763,143.2092,66,86.23,6.91,95,1970-01-01 00:00:01.615603948
177,Zhigansk,66.7697,123.3711,94,0.12,15.5,100,1970-01-01 00:00:01.615603950
178,Katsuura,35.1333,140.3,94,59.0,21.85,75,1970-01-01 00:00:01.615603951
179,Codrington,-38.2667,141.9667,79,59.27,20.74,100,1970-01-01 00:00:01.615603952
180,Ķegums,56.7451,24.7244,87,37.4,10.36,90,1970-01-01 00:00:01.615603954
181,Oddur,4.1213,43.8894,95,66.72,16.2,90,1970-01-01 00:00:01.615603955
182,Pacific Grove,36.6177,-121.9166,89,53.01,5.01,0,1970-01-01 00:00:01.615603957
183,Luzhou,28.8724,105.4405,43,74.53,3.67,3,1970-01-01 00:00:01.615603959
184,Kumluca,36.3703,30.2869,53,54.3,3.62,0,1970-01-01 00:00:01.615603960
185,São Gabriel da Cachoeira,-0.1303,-67.0892,97,71.37,0.43,64,1970-01-01 00:00:01.615603961
186,Ambilobe,-13.2,49.05,94,72.0,2.26,2,1970-01-01 00:00:01.615603962
187,Meulaboh,4.1363,96.1285,65,84.58,3.83,58,1970-01-01 00:00:01.615603964
188,Lakselv,70.0513,24.9718,73,21.2,19.57,90,1970-01-01 00:00:01.615603965
189,Henties Bay,-22.116,14.2845,95,60.01,3.0,0,1970-01-01 00:00:01.615603966
190,Port-Cartier,50.0334,-66.8654,58,26.01,19.57,90,1970-01-01 00:00:01.615603967
191,Adré,13.4667,22.2,13,75.04,18.21,19,1970-01-01 00:00:01.615603969
192,Petropavlovsk-Kamchatskiy,53.0452,158.6483,46,23.0,20.13,0,1970-01-01 00:00:01.615603681
193,Sabang,5.8933,95.3214,74,82.99,15.75,23,1970-01-01 00:00:01.615603971
194,Arman',59.7,150.1667,60,13.75,9.15,1,1970-01-01 00:00:01.615603973
195,Cherskiy,68.75,161.3,92,-6.39,15.23,92,1970-01-01 00:00:01.615603974
196,Berlevåg,70.8578,29.0864,84,19.24,11.52,99,1970-01-01 00:00:01.615603976
197,Grass Valley,39.2191,-121.0611,23,48.2,6.58,1,1970-01-01 00:00:01.615603977
198,Prainha,-1.8,-53.48,97,70.72,1.88,96,1970-01-01 00:00:01.615603978
199,Iraan,30.914,-101.8979,55,72.0,11.99,85,1970-01-01 00:00:01.615603981
200,San Quintín,30.4833,-115.95,70,52.95,13.6,0,1970-01-01 00:00:01.615603983
201,Lakatoro,-16.0999,167.4164,71,83.98,10.2,71,1970-01-01 00:00:01.615603984
202,Lindi,-10.0,39.7167,94,70.5,3.56,98,1970-01-01 00:00:01.615603985
203,Macas,-2.3167,-78.1167,99,68.34,0.98,100,1970-01-01 00:00:01.615603987
204,Popondetta,-8.7537,148.2534,52,91.33,6.24,46,1970-01-01 00:00:01.615603989
205,Santa Fe,-31.6333,-60.7,73,75.0,3.0,39,1970-01-01 00:00:01.615603990
206,Dikson,73.5069,80.5464,91,-12.64,24.72,100,1970-01-01 00:00:01.615603991
207,Kangaatsiaq,68.3065,-53.4641,91,11.14,4.23,100,1970-01-01 00:00:01.615603993
208,Batagay-Alyta,67.8006,130.4114,70,-8.66,2.15,13,1970-01-01 00:00:01.615603994
209,Zeya,53.75,127.2667,87,35.49,1.12,37,1970-01-01 00:00:01.615603995
210,Kattivākkam,13.2167,80.3167,83,77.0,4.61,20,1970-01-01 00:00:01.615603996
211,Lagoa,39.05,-27.9833,84,59.09,17.27,100,1970-01-01 00:00:01.615603998
212,Santa Maria,-29.6842,-53.8069,100,60.8,3.44,0,1970-01-01 00:00:01.615604000
213,Dunedin,-45.8742,170.5036,68,63.0,28.01,0,1970-01-01 00:00:01.615604001
214,Buraidah,26.326,43.975,58,57.2,12.66,6,1970-01-01 00:00:01.615604002
215,Labuhan,-6.8844,112.2051,71,83.73,6.06,89,1970-01-01 00:00:01.615604004
216,Syracuse,37.0881,15.2792,93,50.0,9.22,0,1970-01-01 00:00:01.615604005
217,Chui,-33.6971,-53.4616,90,68.88,4.56,67,1970-01-01 00:00:01.615603870
218,Sørland,67.667,12.6934,85,39.47,20.98,95,1970-01-01 00:00:01.615604007
219,Talā,30.6803,30.9429,91,46.33,4.27,0,1970-01-01 00:00:01.615604008
220,Ngunguru,-35.6167,174.5,72,71.01,5.99,4,1970-01-01 00:00:01.615604010
221,Limbang,4.75,115.0,70,86.0,3.44,75,1970-01-01 00:00:01.615604011
222,Dwārka,22.2394,68.9678,72,75.63,8.55,25,1970-01-01 00:00:01.615604012
223,Mount Isa,-20.7333,139.5,31,95.0,8.05,47,1970-01-01 00:00:01.615604013
224,Khovd,48.0056,91.6419,18,43.77,5.53,0,1970-01-01 00:00:01.615604015
225,Lebu,-37.6167,-73.65,88,56.34,12.75,2,1970-01-01 00:00:01.615603983
226,Camopi,3.1655,-52.3158,99,70.93,2.95,100,1970-01-01 00:00:01.615604017
227,Las Cruces,32.3123,-106.7783,7,64.4,13.8,1,1970-01-01 00:00:01.615604018
228,Longyearbyen,78.2186,15.6401,79,10.4,5.75,75,1970-01-01 00:00:01.615603981
229,Constitución,-35.3333,-72.4167,67,58.66,4.0,0,1970-01-01 00:00:01.615604020
230,Iqaluit,63.7506,-68.5145,64,-13.0,9.22,20,1970-01-01 00:00:01.615604022
231,Ukiah,39.1502,-123.2078,27,62.6,6.91,1,1970-01-01 00:00:01.615603648
232,Blackpool,53.8167,-3.05,88,44.01,17.0,100,1970-01-01 00:00:01.615604024
233,Hong Kong,22.2855,114.1577,76,71.01,3.0,87,1970-01-01 00:00:01.615604025
234,Vila Velha,-20.3297,-40.2925,69,77.0,5.75,0,1970-01-01 00:00:01.615604026
235,Alofi,-19.0595,-169.9187,74,82.4,5.75,17,1970-01-01 00:00:01.615604028
236,Peniche,39.3558,-9.3811,79,51.01,4.0,13,1970-01-01 00:00:01.615604007
237,Saint George,37.1041,-113.5841,87,39.99,3.44,75,1970-01-01 00:00:01.615603990
238,Kavaratti,10.5669,72.642,63,83.34,5.23,0,1970-01-01 00:00:01.615604031
239,Arrondissement de Pithiviers,48.1667,2.25,87,46.99,25.32,75,1970-01-01 00:00:01.615604032
240,Eyl,7.9803,49.8164,84,73.08,8.57,37,1970-01-01 00:00:01.615604034
241,Riyadh,24.6877,46.7219,24,64.4,18.41,0,1970-01-01 00:00:01.615603929
242,Shaunavon,49.6501,-108.4181,60,35.6,1.14,0,1970-01-01 00:00:01.615604036
243,Nemuro,43.3236,145.575,56,37.4,13.8,0,1970-01-01 00:00:01.615604038
244,Thinadhoo,0.5333,72.9333,66,83.53,7.67,0,1970-01-01 00:00:01.615604040
245,Vao,-22.6667,167.4833,76,77.25,17.83,69,1970-01-01 00:00:01.615604041
246,Paamiut,61.994,-49.6678,52,8.44,8.88,1,1970-01-01 00:00:01.615604042
247,Boende,-0.2167,20.8667,98,72.03,2.59,100,1970-01-01 00:00:01.615604043
248,Olinda,-8.0089,-34.8553,69,78.8,6.91,20,1970-01-01 00:00:01.615604045
249,Salalah,17.0151,54.0924,83,69.8,1.14,0,1970-01-01 00:00:01.615604046
250,Soma,39.1855,27.6094,93,37.4,3.44,0,1970-01-01 00:00:01.615604047
251,Ormara,25.2088,64.6357,64,74.16,4.92,100,1970-01-01 00:00:01.615603993
252,Bijāwar,24.6333,79.5,41,75.29,7.83,44,1970-01-01 00:00:01.615604050
253,Torbay,47.6666,-52.7314,93,39.0,25.32,40,1970-01-01 00:00:01.615604052
254,Hualmay,-11.0964,-77.6139,84,71.67,7.49,0,1970-01-01 00:00:01.615604053
255,East London,-33.0153,27.9116,76,73.69,12.86,69,1970-01-01 00:00:01.615604054
256,Kununurra,-15.7667,128.7333,66,91.4,9.22,40,1970-01-01 00:00:01.615603961
257,Yanam,16.7333,82.2167,78,78.8,2.71,0,1970-01-01 00:00:01.615604057
258,Tadine,-21.55,167.8833,72,79.77,17.2,59,1970-01-01 00:00:01.615604058
259,Alekseyevsk,57.8406,108.3492,73,25.36,11.95,100,1970-01-01 00:00:01.615604059
260,Ariquemes,-9.9133,-63.0408,97,72.3,1.21,100,1970-01-01 00:00:01.615603871
261,Baiyin,36.5583,104.2081,29,55.99,6.71,0,1970-01-01 00:00:01.615604061
262,Salta,-24.7859,-65.4117,94,64.4,14.97,90,1970-01-01 00:00:01.615604063
263,Ust-Kuyga,70.0167,135.6,90,-11.79,8.16,4,1970-01-01 00:00:01.615604064
264,Talaya,61.3833,152.75,84,1.02,13.2,100,1970-01-01 00:00:01.615604067
265,Olafsvik,64.8945,-23.7142,72,29.05,18.88,49,1970-01-01 00:00:01.615604069
266,Vágur,61.4732,-6.8119,84,40.77,22.41,100,1970-01-01 00:00:01.615604070
267,Tarakan,3.3,117.6333,79,79.27,12.82,88,1970-01-01 00:00:01.615604071
268,Zhangye,38.9342,100.4517,7,64.74,3.27,6,1970-01-01 00:00:01.615604072
269,Goubellat,36.5418,9.6633,76,51.8,5.75,20,1970-01-01 00:00:01.615604074
270,Saint Paul Harbor,57.79,-152.4072,33,26.6,20.71,1,1970-01-01 00:00:01.615604075
271,Palmer,42.1584,-72.3287,28,51.8,23.02,20,1970-01-01 00:00:01.615603817
272,Opuwo,-18.0607,13.84,62,66.54,3.69,14,1970-01-01 00:00:01.615604077
273,Dingle,10.9995,122.6711,80,83.07,7.96,89,1970-01-01 00:00:01.615604078
274,Smidovich,48.6,133.8167,88,30.54,10.49,0,1970-01-01 00:00:01.615604080
275,Coquimbo,-29.9533,-71.3436,82,60.8,2.3,90,1970-01-01 00:00:01.615604081
276,Sur,22.5667,59.5289,30,82.11,15.32,0,1970-01-01 00:00:01.615603985
277,Kiruna,67.8557,20.2251,86,19.4,8.05,90,1970-01-01 00:00:01.615604084
278,Alpena,45.0617,-83.4327,54,24.8,8.05,1,1970-01-01 00:00:01.615604085
279,Cockburn Town,21.4612,-71.1419,78,75.2,11.5,75,1970-01-01 00:00:01.615604088
280,Banamba,13.55,-7.45,19,65.44,10.36,4,1970-01-01 00:00:01.615604089
281,Okha,53.5739,142.9478,83,30.34,11.16,20,1970-01-01 00:00:01.615604090
282,Masvingo,-20.0637,30.8277,97,61.47,4.14,43,1970-01-01 00:00:01.615604092
283,Zaraza,9.3503,-65.3245,75,76.33,6.17,96,1970-01-01 00:00:01.615604094
284,Petauke,-14.2426,31.3253,90,66.49,4.76,100,1970-01-01 00:00:01.615604095
285,Norman Wells,65.282,-126.8329,59,-4.0,12.66,90,1970-01-01 00:00:01.615604096
286,Correntina,-13.3433,-44.6367,82,69.1,1.39,8,1970-01-01 00:00:01.615603988
287,Sault Ste. Marie,46.5168,-84.3333,58,23.0,11.5,90,1970-01-01 00:00:01.615604098
288,Lodja,-3.4833,23.4333,98,69.94,1.74,100,1970-01-01 00:00:01.615604101
289,Les Cayes,18.2,-73.75,82,72.75,6.62,0,1970-01-01 00:00:01.615604102
290,Benjamín Aceval,-24.9667,-57.5667,61,77.0,6.91,0,1970-01-01 00:00:01.615604104
291,São João do Piauí,-8.3581,-42.2467,91,71.31,0.65,77,1970-01-01 00:00:01.615604000
292,Manoel Urbano,-8.8389,-69.2597,91,71.38,0.85,78,1970-01-01 00:00:01.615604106
293,Semey,50.4111,80.2275,85,3.2,22.37,40,1970-01-01 00:00:01.615603898
294,Novomykolayivka,47.9781,35.9102,80,26.6,15.66,90,1970-01-01 00:00:01.615604108
295,Çine,37.6117,28.0614,93,33.8,4.61,0,1970-01-01 00:00:01.615604109
296,Kiama,-34.6833,150.8667,76,86.0,7.0,53,1970-01-01 00:00:01.615604111
297,Khorixas,-20.3667,14.9667,32,71.76,2.57,43,1970-01-01 00:00:01.615604112
298,Barcelona,41.3888,2.159,87,53.01,6.91,40,1970-01-01 00:00:01.615603970
299,Yar-Sale,66.8333,70.8333,79,16.14,19.13,100,1970-01-01 00:00:01.615604114
300,Novobelokatay,55.7062,58.9549,98,-0.35,9.13,100,1970-01-01 00:00:01.615604116
301,Tarko-Sale,64.9225,77.785,90,8.37,26.42,100,1970-01-01 00:00:01.615603880
302,Talnakh,69.4865,88.3972,97,-8.91,20.47,100,1970-01-01 00:00:01.615604118
303,Tutóia,-2.7619,-42.2744,88,77.18,8.7,100,1970-01-01 00:00:01.615604119
304,Bandarbeyla,9.4942,50.8122,73,75.29,5.7,6,1970-01-01 00:00:01.615604120
305,Hay River,60.8156,-115.7999,66,5.0,1.14,85,1970-01-01 00:00:01.615604031
306,Marabu,4.4148,114.0089,83,80.6,10.36,40,1970-01-01 00:00:01.615603869
307,Inyonga,-6.7167,32.0667,94,60.78,2.84,100,1970-01-01 00:00:01.615604124
308,Kavieng,-2.5744,150.7967,60,84.29,4.61,79,1970-01-01 00:00:01.615604125
309,Biak,-0.9131,122.8766,71,83.19,2.93,99,1970-01-01 00:00:01.615604126
310,Lékoni,-1.5843,14.2591,96,70.57,5.35,100,1970-01-01 00:00:01.615604128
311,Severobaykal'sk,55.65,109.3167,94,28.02,3.69,100,1970-01-01 00:00:01.615603982
312,Alice Springs,-23.7,133.8833,88,73.4,9.22,40,1970-01-01 00:00:01.615604130
313,Yantal',56.8471,105.2542,79,23.5,8.43,100,1970-01-01 00:00:01.615604131
314,Trincomalee,8.5711,81.2335,77,81.68,13.38,24,1970-01-01 00:00:01.615604132
315,Bend,44.0582,-121.3153,26,44.6,1.34,1,1970-01-01 00:00:01.615604134
316,Garoua Boulaï,5.8833,14.55,88,67.64,4.61,100,1970-01-01 00:00:01.615604135
317,Noumea,-22.2763,166.4572,51,86.0,11.5,35,1970-01-01 00:00:01.615604136
318,Bondoukou,8.0333,-2.8,85,75.47,4.36,100,1970-01-01 00:00:01.615604139
319,Padang,-0.9492,100.3543,70,84.2,2.3,20,1970-01-01 00:00:01.615604140
320,Kapuskasing,49.4169,-82.4331,92,-0.4,3.44,58,1970-01-01 00:00:01.615604141
321,Ahipara,-35.1667,173.1667,81,68.77,4.23,67,1970-01-01 00:00:01.615604142
322,Pallasovka,50.05,46.8833,77,9.28,8.28,10,1970-01-01 00:00:01.615604144
323,Shimoda,34.6667,138.95,100,59.0,14.97,75,1970-01-01 00:00:01.615604145
324,Makkah al Mukarramah,21.4267,39.8261,48,73.24,5.14,0,1970-01-01 00:00:01.615604053
325,Nyakahanga,-1.6033,31.1414,67,59.11,2.28,100,1970-01-01 00:00:01.615604147
326,Bethel,41.3712,-73.414,24,53.6,6.91,1,1970-01-01 00:00:01.615604149
327,Kudahuvadhoo,2.6708,72.8944,71,83.39,10.63,41,1970-01-01 00:00:01.615604150
328,Macieira de Cambra,40.8594,-8.3734,86,45.0,2.33,72,1970-01-01 00:00:01.615604151
329,Bambanglipuro,-7.95,110.2833,66,84.43,4.74,100,1970-01-01 00:00:01.615604153
330,La Asuncion,11.0333,-63.8628,83,78.8,14.97,54,1970-01-01 00:00:01.615604154
331,Walvis Bay,-22.9575,14.5053,94,60.01,3.44,0,1970-01-01 00:00:01.615604155
332,Morehead,37.2711,-87.1764,87,54.0,10.11,90,1970-01-01 00:00:01.615604156
333,Muroto-misakicho,33.2833,134.15,59,60.8,20.71,75,1970-01-01 00:00:01.615604158
334,Rengo,-34.4167,-70.8667,43,69.8,2.3,0,1970-01-01 00:00:01.615603924
335,Jāwā,31.8525,35.9393,87,44.6,6.91,20,1970-01-01 00:00:01.615604160
336,Taoudenni,22.6783,-3.9836,42,64.29,11.05,62,1970-01-01 00:00:01.615604162
337,San Patricio,28.017,-97.5169,88,72.0,19.57,90,1970-01-01 00:00:01.615604164
338,Maribondo,-9.5772,-36.3053,88,75.2,3.44,20,1970-01-01 00:00:01.615604165
339,Şuşani,44.5833,24.1,87,37.99,8.05,100,1970-01-01 00:00:01.615604166
340,Bara,10.3744,10.7288,51,78.37,4.99,30,1970-01-01 00:00:01.615604168
341,Biloela,-24.4167,150.5,40,88.95,5.12,13,1970-01-01 00:00:01.615604169
342,Hasaki,35.7333,140.8333,94,57.2,17.27,75,1970-01-01 00:00:01.615604170
343,Faya,18.3851,42.4509,76,57.2,5.53,0,1970-01-01 00:00:01.615604171
344,Peleduy,59.6289,112.7406,73,28.36,13.71,100,1970-01-01 00:00:01.615604173
345,Pangnirtung,66.1451,-65.7125,98,-9.53,0.89,92,1970-01-01 00:00:01.615604174
346,Karaton,-6.3424,106.1045,70,89.01,9.22,20,1970-01-01 00:00:01.615604175
347,Manokwari,-0.8667,134.0833,69,83.05,3.56,86,1970-01-01 00:00:01.615604176
348,Tilichiki,60.4667,166.1,88,13.89,12.48,100,1970-01-01 00:00:01.615604178
349,Dakoro,14.5106,6.765,15,73.83,8.59,0,1970-01-01 00:00:01.615604181
350,Skagen,57.7209,10.5839,91,39.99,11.01,83,1970-01-01 00:00:01.615604182
351,Comodoro Rivadavia,-45.8667,-67.5,43,69.8,6.91,0,1970-01-01 00:00:01.615604072
352,Balkanabat,39.5108,54.3671,93,29.75,4.0,100,1970-01-01 00:00:01.615604185
353,Savonlinna,61.8699,28.88,93,24.8,5.75,90,1970-01-01 00:00:01.615604186
354,Byron Bay,-28.65,153.6167,69,84.2,16.11,75,1970-01-01 00:00:01.615604120
355,Nautla,20.2167,-96.7833,86,74.17,13.35,5,1970-01-01 00:00:01.615604188
356,Colomi,-17.35,-65.8667,58,60.01,3.44,20,1970-01-01 00:00:01.615604189
357,Örnsköldsvik,63.2909,18.7153,100,30.2,2.3,90,1970-01-01 00:00:01.615603960
358,Tanete,-3.9443,119.7848,63,84.99,2.48,100,1970-01-01 00:00:01.615604192
359,Hamilton,39.1834,-84.5333,40,53.01,6.91,90,1970-01-01 00:00:01.615603990
360,Kuril'sk,45.2333,147.8833,58,33.12,9.44,0,1970-01-01 00:00:01.615604195
361,Monrovia,6.3005,-10.7969,88,79.25,8.19,51,1970-01-01 00:00:01.615604196
362,Byndoor,13.8667,74.6333,61,82.24,3.69,7,1970-01-01 00:00:01.615604197
363,Luwuk,-0.9516,122.7875,75,84.79,2.84,99,1970-01-01 00:00:01.615604199
364,Lerwick,60.1545,-1.1494,75,41.0,23.02,75,1970-01-01 00:00:01.615604200
365,Carlsbad,33.1581,-117.3506,58,55.0,4.61,75,1970-01-01 00:00:01.615604201
366,Ji’an,27.1172,114.9793,89,58.01,4.23,99,1970-01-01 00:00:01.615604203
367,Honiara,-9.4333,159.95,77,83.61,5.37,81,1970-01-01 00:00:01.615604204
368,Christchurch,-43.5333,172.6333,52,66.2,23.02,0,1970-01-01 00:00:01.615604050
369,Fortuna,40.5982,-124.1573,100,48.99,6.91,20,1970-01-01 00:00:01.615604206
370,Vallenar,-28.5708,-70.7581,88,62.76,1.72,0,1970-01-01 00:00:01.615604208
371,Raton,36.9034,-104.4391,76,44.6,6.91,90,1970-01-01 00:00:01.615604209
372,Nogliki,51.8333,143.1667,91,32.36,14.72,18,1970-01-01 00:00:01.615604210
373,Korla,41.7597,86.1469,33,54.66,10.22,0,1970-01-01 00:00:01.615604211
374,Tromsø,69.6496,18.957,69,28.4,13.8,75,1970-01-01 00:00:01.615604213
375,Eston,51.1501,-108.7514,86,30.99,4.61,75,1970-01-01 00:00:01.615604214
376,Coração de Jesus,-16.6853,-44.365,73,71.6,4.03,0,1970-01-01 00:00:01.615603997
377,Aitape,-3.1374,142.3475,71,84.78,6.73,75,1970-01-01 00:00:01.615604216
378,Santa Rosalía,27.3167,-112.2833,68,52.0,3.67,0,1970-01-01 00:00:01.615604217
379,Lethem,3.3803,-59.7968,86,75.02,8.84,87,1970-01-01 00:00:01.615604219
380,Katherine,-14.4667,132.2667,58,89.6,3.44,83,1970-01-01 00:00:01.615604220
381,Progreso,21.2833,-89.6667,53,77.0,9.22,1,1970-01-01 00:00:01.615604221
382,Gizo Government Station,-8.103,156.8419,64,85.08,5.73,100,1970-01-01 00:00:01.615604223
383,Cirebon,-6.7063,108.557,67,83.01,3.09,98,1970-01-01 00:00:01.615604224
384,Udachny,66.4167,112.4,93,5.81,9.04,97,1970-01-01 00:00:01.615604225
385,Peredovaya,44.1172,41.4756,75,21.54,1.95,100,1970-01-01 00:00:01.615604227
386,Osmanabad,18.1667,76.05,16,81.3,3.56,6,1970-01-01 00:00:01.615604228
387,Ozinki,51.1786,49.6769,92,-1.48,6.49,0,1970-01-01 00:00:01.615604229
388,Atambua,-9.1061,124.8925,70,82.9,2.53,75,1970-01-01 00:00:01.615604230
389,Kloulklubed,7.0419,134.2556,74,84.2,8.05,75,1970-01-01 00:00:01.615604232
390,College,64.8569,-147.8028,54,-5.8,1.45,1,1970-01-01 00:00:01.615604233
391,Actopan,20.2667,-98.9333,89,56.34,5.01,0,1970-01-01 00:00:01.615604234
392,Zhuhai,22.2769,113.5678,78,73.99,14.97,20,1970-01-01 00:00:01.615604236
393,Laguna,38.421,-121.4238,24,64.4,5.75,1,1970-01-01 00:00:01.615604237
394,Moanda,-1.5575,13.2178,97,69.04,1.41,90,1970-01-01 00:00:01.615604238
395,Ubari,26.5921,12.7805,36,60.08,19.13,11,1970-01-01 00:00:01.615604239
396,Cabo San Lucas,22.8909,-109.9124,56,69.8,6.91,20,1970-01-01 00:00:01.615604168
397,Gualaceo,-2.9,-78.7833,100,55.4,2.3,90,1970-01-01 00:00:01.615604243
398,Hrymayliv,49.3321,26.0111,82,39.0,6.69,31,1970-01-01 00:00:01.615604244
399,Caramay,10.1815,119.236,93,76.82,9.33,100,1970-01-01 00:00:01.615604246
400,Brigham City,41.5102,-112.0155,34,46.4,13.8,1,1970-01-01 00:00:01.615604247
401,Wuwei,37.9281,102.6414,6,67.06,0.43,0,1970-01-01 00:00:01.615604249
402,Linda,39.1277,-121.5508,24,64.4,10.36,1,1970-01-01 00:00:01.615604250
403,Mayma,52.0197,85.9114,93,16.77,6.62,100,1970-01-01 00:00:01.615604167
404,Jamame,0.0722,42.7506,79,76.19,8.48,77,1970-01-01 00:00:01.615604253
405,Morón,-34.6534,-58.6198,72,73.0,5.99,88,1970-01-01 00:00:01.615604254
406,Philadelphia,39.9523,-75.1638,26,60.8,11.5,75,1970-01-01 00:00:01.615604115
407,Fairbanks,64.8378,-147.7164,49,-5.8,1.34,1,1970-01-01 00:00:01.615604131
408,Poya,-21.35,165.15,61,83.64,6.33,77,1970-01-01 00:00:01.615604257
409,Naze,28.3667,129.4833,56,68.0,12.66,75,1970-01-01 00:00:01.615604259
410,Mwinilunga,-11.7358,24.4293,96,63.36,2.89,98,1970-01-01 00:00:01.615604260
411,Tura,25.5198,90.2201,26,87.21,1.77,0,1970-01-01 00:00:01.615604261
412,Haines Junction,60.7522,-137.5108,47,6.8,13.8,99,1970-01-01 00:00:01.615604262
413,Brae,60.3964,-1.353,75,41.0,23.02,75,1970-01-01 00:00:01.615604264
414,Kuusamo,65.9667,29.1833,79,17.6,9.22,40,1970-01-01 00:00:01.615604265
415,Bilibino,68.0546,166.4372,93,9.03,2.15,100,1970-01-01 00:00:01.615604266
416,Bone,51.9669,12.1396,83,42.01,8.01,100,1970-01-01 00:00:01.615604269
417,Nadym,65.5333,72.5167,84,14.83,25.57,100,1970-01-01 00:00:01.615604270
418,Ikungi,-5.1333,34.7667,76,59.04,9.26,63,1970-01-01 00:00:01.615604241
419,Acapulco de Juárez,16.8634,-99.8901,83,78.8,4.61,20,1970-01-01 00:00:01.615604272
420,Holguín,20.8872,-76.2631,88,71.6,11.5,20,1970-01-01 00:00:01.615604273
421,Eldorado,-23.7869,-54.2836,60,69.4,2.01,0,1970-01-01 00:00:01.615604275
422,Itoman,26.1247,127.6694,59,68.0,17.27,75,1970-01-01 00:00:01.615604277
423,Avera,33.194,-82.5271,67,61.0,6.78,1,1970-01-01 00:00:01.615604115
424,Aragarças,-15.8975,-52.2508,86,72.99,0.98,60,1970-01-01 00:00:01.615604280
425,São Fidélis,-21.6461,-41.7469,93,73.99,1.57,90,1970-01-01 00:00:01.615604281
426,Iroquois Falls,48.7669,-80.6831,72,5.0,2.3,40,1970-01-01 00:00:01.615604282
427,Guymon,36.6828,-101.4816,100,42.8,10.36,90,1970-01-01 00:00:01.615604283
428,Fairview,40.8126,-73.999,18,60.8,4.61,1,1970-01-01 00:00:01.615604284
429,Banyuwangi,-8.2325,114.3576,59,87.4,3.0,100,1970-01-01 00:00:01.615604286
430,Tulun,54.5611,100.5792,93,21.6,7.49,100,1970-01-01 00:00:01.615604287
431,Eldoret,0.5204,35.2699,78,57.29,16.91,98,1970-01-01 00:00:01.615604288
432,San Roque,36.2107,-5.3842,67,57.2,11.5,0,1970-01-01 00:00:01.615604289
433,Nhulunbuy,-12.2333,136.7667,89,80.6,12.66,75,1970-01-01 00:00:01.615604291
434,Husavik,66.0449,-17.3389,86,30.2,17.27,90,1970-01-01 00:00:01.615604236
435,Saint Anthony,45.0205,-93.218,55,37.0,4.7,1,1970-01-01 00:00:01.615604293
436,Duluth,46.7833,-92.1066,46,28.4,4.61,1,1970-01-01 00:00:01.615604204
437,Amapá,1.0,-52.0,99,70.45,2.44,74,1970-01-01 00:00:01.615604295
438,Vardø,70.3705,31.1107,84,21.58,15.48,99,1970-01-01 00:00:01.615604297
439,Praia da Vitória,38.7333,-27.0667,94,59.0,10.83,75,1970-01-01 00:00:01.615604298
440,San Ramon,37.7799,-121.978,67,59.0,9.22,1,1970-01-01 00:00:01.615604299
441,Tecolutla,20.4833,-97.0167,90,73.83,12.5,17,1970-01-01 00:00:01.615604300
442,Malinovka,53.8579,27.4374,93,32.0,6.71,75,1970-01-01 00:00:01.615604058
443,Los Llanos de Aridane,28.6585,-17.9182,68,64.4,8.05,90,1970-01-01 00:00:01.615604303
444,Al Bardīyah,31.7561,25.0865,73,53.42,5.88,6,1970-01-01 00:00:01.615604304
445,Cap Malheureux,-19.9842,57.6142,78,77.0,3.0,18,1970-01-01 00:00:01.615604305
446,Marang,5.2056,103.2059,70,84.2,8.05,40,1970-01-01 00:00:01.615604306
447,Aklavik,68.2191,-135.0107,77,-7.6,9.22,99,1970-01-01 00:00:01.615604308
448,Srednekolymsk,67.45,153.6833,91,-6.05,6.55,100,1970-01-01 00:00:01.615604309
449,Kibala,9.1104,18.3463,45,78.24,4.0,60,1970-01-01 00:00:01.615604310
450,Bubaque,11.2833,-15.8333,65,78.24,12.41,25,1970-01-01 00:00:01.615604311
451,Santa Rosa,14.3122,121.1114,74,84.0,4.61,75,1970-01-01 00:00:01.615604313
452,Nanortalik,60.1432,-45.2371,64,14.68,6.33,83,1970-01-01 00:00:01.615604314
453,Voi,-3.3945,38.563,91,68.36,0.89,51,1970-01-01 00:00:01.615604315
454,Dandong,40.1292,124.3947,77,43.86,2.35,100,1970-01-01 00:00:01.615604316
455,Khasan,42.4308,130.6434,57,40.19,2.77,2,1970-01-01 00:00:01.615604318
456,Lavrentiya,65.5833,-171.0,93,16.27,21.32,100,1970-01-01 00:00:01.615604319
457,Amarillo,35.222,-101.8313,100,46.4,13.8,90,1970-01-01 00:00:01.615604320
458,City of San Pedro,14.35,121.0167,74,84.0,4.61,75,1970-01-01 00:00:01.615604321
459,Khandyga,62.6667,135.6,77,4.82,3.4,99,1970-01-01 00:00:01.615604323
460,Virginia Beach,36.8529,-75.978,63,61.0,3.44,1,1970-01-01 00:00:01.615604265
461,Borba,-4.3878,-59.5939,97,73.08,2.33,49,1970-01-01 00:00:01.615604325
462,Atoyac,20.0167,-103.5333,13,78.8,3.44,1,1970-01-01 00:00:01.615604326
463,Mānsa,29.9833,75.3833,61,64.78,5.19,1,1970-01-01 00:00:01.615604328
464,Bonavista,48.6499,-53.1147,93,37.0,10.36,27,1970-01-01 00:00:01.615604329
465,Pailón,-17.65,-62.75,88,77.0,4.61,75,1970-01-01 00:00:01.615604331
466,Sakakah,29.9697,40.2064,61,48.2,5.19,0,1970-01-01 00:00:01.615604332
467,Khomeyn,33.6423,50.0789,87,33.24,7.07,8,1970-01-01 00:00:01.615604334
468,The Valley,18.217,-63.0578,73,77.0,3.44,20,1970-01-01 00:00:01.615604335
469,Eureka,40.8021,-124.1637,87,48.99,5.75,1,1970-01-01 00:00:01.615604336
470,Kyra,49.5776,111.9753,52,40.53,3.0,0,1970-01-01 00:00:01.615604337
471,Green Valley,31.8543,-110.9937,47,53.6,18.41,90,1970-01-01 00:00:01.615604339
472,Saddiqabad,28.3062,70.1307,44,72.1,15.19,47,1970-01-01 00:00:01.615604340
473,Troutdale,45.5393,-122.3873,47,55.4,4.61,20,1970-01-01 00:00:01.615604152
474,Manggar,-2.8833,108.2667,64,85.3,5.32,100,1970-01-01 00:00:01.615604342
475,Chilakalūrupet,16.0833,80.1667,56,79.03,0.98,0,1970-01-01 00:00:01.615604058
476,Claremore,36.3126,-95.6161,100,55.99,9.22,90,1970-01-01 00:00:01.615604345
477,Slave Lake,55.2834,-114.769,65,37.4,1.97,90,1970-01-01 00:00:01.615604347
478,Zhalantun,48.0,122.7167,21,47.93,6.55,55,1970-01-01 00:00:01.615604126
479,Nyurba,63.2842,118.3319,89,13.14,8.79,100,1970-01-01 00:00:01.615604350
480,Nizhniy Kuranakh,58.8353,125.4869,80,21.49,7.14,52,1970-01-01 00:00:01.615604351
481,Saint-Augustin,51.226,-58.6502,89,29.53,21.99,100,1970-01-01 00:00:01.615604353
482,Shimoga,13.9167,75.5667,32,77.29,4.18,0,1970-01-01 00:00:01.615604354
483,Wangaratta,-36.3667,146.3333,33,90.0,16.11,40,1970-01-01 00:00:01.615604355
484,Ludvika,60.1496,15.1878,87,36.0,8.05,90,1970-01-01 00:00:01.615604356
485,Flinders,-34.5833,150.8552,69,86.0,4.0,52,1970-01-01 00:00:01.615604358
486,Yangi Marg`ilon,40.4272,71.7189,71,46.4,4.61,100,1970-01-01 00:00:01.615604359
487,Pringsewu,-5.3582,104.9744,66,86.16,2.51,62,1970-01-01 00:00:01.615604360
488,Huarmey,-10.0681,-78.1522,80,72.7,7.43,0,1970-01-01 00:00:01.615604361
489,Khovu-Aksy,51.1333,93.6,68,31.17,6.29,63,1970-01-01 00:00:01.615604363
490,Bossangoa,6.4926,17.4552,73,74.25,4.74,97,1970-01-01 00:00:01.615604162
491,Ceres,37.5949,-120.9577,39,60.8,3.27,1,1970-01-01 00:00:01.615604365
492,Juneau,58.3019,-134.4197,80,30.2,3.56,90,1970-01-01 00:00:01.615604353
493,Bad Bramstedt,53.9167,9.8833,95,37.99,7.0,42,1970-01-01 00:00:01.615604367
494,Rundu,-17.9333,19.7667,64,64.96,4.38,47,1970-01-01 00:00:01.615604369
495,Gawān,28.4333,78.35,48,74.17,5.7,51,1970-01-01 00:00:01.615604370
496,Outjo,-20.1167,16.15,67,67.01,6.62,43,1970-01-01 00:00:01.615604371
497,Mangai,-4.05,19.5333,99,71.06,0.81,100,1970-01-01 00:00:01.615604372
498,Plettenberg Bay,-34.0527,23.3716,67,68.07,5.01,53,1970-01-01 00:00:01.615604373
499,Port Said,31.2565,32.2841,62,57.2,11.5,40,1970-01-01 00:00:01.615604375
500,Samarai,-10.6167,150.6667,68,86.77,11.99,62,1970-01-01 00:00:01.615604376
501,Artvin Province,41.1667,41.8333,80,33.8,14.97,40,1970-01-01 00:00:01.615604377
502,Pontes e Lacerda,-15.2261,-59.3353,92,72.54,1.68,98,1970-01-01 00:00:01.615604379
503,Marsá Maţrūḩ,31.3525,27.2453,62,55.4,5.75,40,1970-01-01 00:00:01.615604380
504,Key Largo,25.0865,-80.4473,80,73.0,18.45,0,1970-01-01 00:00:01.615604381
505,Miastko,54.0028,16.9826,88,36.0,21.0,100,1970-01-01 00:00:01.615604198
506,Tabuk,17.4189,121.4443,80,77.5,9.84,93,1970-01-01 00:00:01.615604383
507,Morondava,-20.2833,44.2833,66,77.02,11.74,0,1970-01-01 00:00:01.615604117
508,Gornopravdinsk,60.05,69.9,94,5.43,10.49,100,1970-01-01 00:00:01.615604386
509,Portobelo,9.55,-79.65,78,78.01,3.0,69,1970-01-01 00:00:01.615604387
510,Alcamo,37.9983,12.9565,62,57.2,16.11,90,1970-01-01 00:00:01.615604388
511,Hambantota,6.1241,81.1185,94,78.8,8.05,20,1970-01-01 00:00:01.615604389
512,Jagannāthpur,22.2333,85.65,33,84.52,2.17,65,1970-01-01 00:00:01.615604392
513,Prince Rupert,54.3161,-130.3201,100,32.0,3.44,90,1970-01-01 00:00:01.615604393
514,Chapais,49.7834,-74.8492,78,8.6,17.27,90,1970-01-01 00:00:01.615604394
515,Sisimiut,66.9395,-53.6735,84,10.47,5.97,80,1970-01-01 00:00:01.615604396
516,Tra Vinh,9.9347,106.3453,46,89.11,13.04,76,1970-01-01 00:00:01.615604397
517,Broken Hill,-31.95,141.4333,23,89.6,18.41,100,1970-01-01 00:00:01.615604398
518,Shangrao,28.4532,117.9686,73,61.7,4.74,55,1970-01-01 00:00:01.615604399
519,Tuatapere,-46.1333,167.6833,66,64.99,7.0,0,1970-01-01 00:00:01.615604401
520,Pisco,-13.7,-76.2167,94,71.01,3.44,20,1970-01-01 00:00:01.615604266
521,Shelburne,44.0787,-80.2041,77,25.0,18.79,0,1970-01-01 00:00:01.615604404
522,Harper,4.375,-7.7169,87,78.48,6.78,65,1970-01-01 00:00:01.615604406
523,Whitefish,48.4111,-114.3376,42,41.0,2.33,1,1970-01-01 00:00:01.615604407
524,Baghdad,33.3406,44.4009,57,46.4,8.05,0,1970-01-01 00:00:01.615604408
525,Tocopilla,-22.092,-70.1979,81,68.61,3.11,1,1970-01-01 00:00:01.615604410
526,Takoradze,4.8845,-1.7554,84,80.37,8.03,100,1970-01-01 00:00:01.615604411
527,Iranshahr,27.2025,60.6848,33,71.6,4.61,54,1970-01-01 00:00:01.615604413
528,Caniço,32.6333,-16.85,67,62.6,10.36,75,1970-01-01 00:00:01.615604414
529,Nanhai,30.1282,111.7784,77,60.01,2.86,99,1970-01-01 00:00:01.615604416
530,Wonthaggi,-38.6044,145.5913,76,73.99,21.92,97,1970-01-01 00:00:01.615604417
531,Hluti,-27.2167,31.6167,98,66.15,3.0,51,1970-01-01 00:00:01.615604419
532,Shingū,33.7333,135.9833,67,57.2,20.71,75,1970-01-01 00:00:01.615604420
533,Gavrilov-Yam,57.3018,39.8533,73,19.4,13.42,90,1970-01-01 00:00:01.615604422
534,Vanavara,60.34,102.2797,87,12.04,12.48,100,1970-01-01 00:00:01.615604423
535,Gannan,47.9147,123.5031,22,48.99,8.75,87,1970-01-01 00:00:01.615604300
536,San Cristobal,7.7669,-72.225,78,75.2,4.61,40,1970-01-01 00:00:01.615604427
537,Issia,6.4922,-6.5856,94,74.19,3.62,100,1970-01-01 00:00:01.615604428
538,Bocana de Paiwas,12.7857,-85.1227,94,70.45,7.96,10,1970-01-01 00:00:01.615604430
539,Dombarovskiy,50.7587,59.5386,97,-4.36,5.5,0,1970-01-01 00:00:01.615604431
540,Piteå,65.3172,21.4794,93,24.8,8.05,90,1970-01-01 00:00:01.615604432
541,Kumul,42.8,93.45,29,53.26,5.59,100,1970-01-01 00:00:01.615604435
542,Verkhnyaya Syrovatka,50.829,34.9586,93,25.63,15.35,100,1970-01-01 00:00:01.615604436
543,Owando,-0.4819,15.8999,94,71.53,2.91,85,1970-01-01 00:00:01.615604438
544,Bilma,18.6853,12.9164,6,76.46,11.5,0,1970-01-01 00:00:01.615604439
545,Solone,48.2081,34.8721,86,24.8,15.66,90,1970-01-01 00:00:01.615604441
546,Grand Gaube,-20.0064,57.6608,78,78.01,4.0,14,1970-01-01 00:00:01.615604442
547,Salina Cruz,16.1667,-95.2,71,80.64,9.55,0,1970-01-01 00:00:01.615604422
